{
    "6920513444723476": {
        "3": {
            "user": {
                "100074565147887": {
                    "yesterDay": 0,
                    "today": 4,
                    "weekday": 4
                }
            }
        }
    },
    "7100264343335699": {
        "3": {
            "user": {
                "100082277850952": {
                    "yesterDay": 0,
                    "today": 11,
                    "weekday": 11
                },
                "100035893818541": {
                    "yesterDay": 0,
                    "today": 7,
                    "weekday": 7
                },
                "100049881225341": {
                    "yesterDay": 0,
                    "today": 21,
                    "weekday": 21
                },
                "100017129162081": {
                    "yesterDay": 0,
                    "today": 9,
                    "weekday": 9
                },
                "100087385099665": {
                    "yesterDay": 0,
                    "today": 58,
                    "weekday": 58
                },
                "100015294181423": {
                    "yesterDay": 0,
                    "today": 38,
                    "weekday": 38
                },
                "100034408001301": {
                    "yesterDay": 0,
                    "today": 7,
                    "weekday": 7
                },
                "100025399432778": {
                    "yesterDay": 0,
                    "today": 44,
                    "weekday": 44
                },
                "100032366962915": {
                    "yesterDay": 0,
                    "today": 43,
                    "weekday": 43
                },
                "100055163590817": {
                    "yesterDay": 0,
                    "today": 1,
                    "weekday": 1
                },
                "100030972233212": {
                    "yesterDay": 0,
                    "today": 14,
                    "weekday": 14
                },
                "61553967626253": {
                    "yesterDay": 0,
                    "today": 1,
                    "weekday": 1
                }
            }
        }
    },
    "1540038079446636": {
        "3": {
            "user": {
                "100000743566150": {
                    "yesterDay": 0,
                    "today": 16,
                    "weekday": 16
                },
                "100016410273645": {
                    "yesterDay": 0,
                    "today": 1,
                    "weekday": 1
                },
                "100054934115336": {
                    "yesterDay": 0,
                    "today": 1,
                    "weekday": 1
                },
                "100071469092329": {
                    "yesterDay": 0,
                    "today": 8,
                    "weekday": 8
                },
                "100077437345044": {
                    "yesterDay": 0,
                    "today": 3,
                    "weekday": 3
                },
                "100049254880121": {
                    "yesterDay": 0,
                    "today": 10,
                    "weekday": 10
                },
                "100093467545054": {
                    "yesterDay": 0,
                    "today": 5,
                    "weekday": 5
                },
                "61550104943203": {
                    "yesterDay": 0,
                    "today": 6,
                    "weekday": 6
                },
                "100085047191430": {
                    "yesterDay": 0,
                    "today": 1,
                    "weekday": 1
                },
                "100070919115819": {
                    "yesterDay": 0,
                    "today": 6,
                    "weekday": 6
                },
                "100051327004177": {
                    "yesterDay": 0,
                    "today": 1,
                    "weekday": 1
                },
                "100025079836303": {
                    "yesterDay": 0,
                    "today": 1,
                    "weekday": 1
                }
            }
        }
    },
    "7298120023592654": {
        "3": {
            "user": {
                "100000743566150": {
                    "yesterDay": 0,
                    "today": 32,
                    "weekday": 32
                },
                "100016410273645": {
                    "yesterDay": 0,
                    "today": 12,
                    "weekday": 12
                },
                "100074565147887": {
                    "yesterDay": 0,
                    "today": 26,
                    "weekday": 26
                },
                "100064701756155": {
                    "yesterDay": 0,
                    "today": 1,
                    "weekday": 1
                },
                "100002126181686": {
                    "yesterDay": 0,
                    "today": 35,
                    "weekday": 35
                },
                "100071469092329": {
                    "yesterDay": 0,
                    "today": 3,
                    "weekday": 3
                },
                "100052189953719": {
                    "yesterDay": 0,
                    "today": 2,
                    "weekday": 2
                },
                "100007936156720": {
                    "yesterDay": 0,
                    "today": 4,
                    "weekday": 4
                },
                "100019591931894": {
                    "yesterDay": 0,
                    "today": 2,
                    "weekday": 2
                },
                "61553967626253": {
                    "yesterDay": 0,
                    "today": 1,
                    "weekday": 1
                },
                "100049254880121": {
                    "yesterDay": 0,
                    "today": 4,
                    "weekday": 4
                },
                "100040453178791": {
                    "yesterDay": 0,
                    "today": 2,
                    "weekday": 2
                },
                "100093467545054": {
                    "yesterDay": 0,
                    "today": 5,
                    "weekday": 5
                }
            }
        }
    },
    "4227246903952368": {
        "3": {
            "user": {
                "100048232568177": {
                    "yesterDay": 0,
                    "today": 38,
                    "weekday": 38
                },
                "100003823459312": {
                    "yesterDay": 0,
                    "today": 27,
                    "weekday": 27
                },
                "100093467545054": {
                    "yesterDay": 0,
                    "today": 15,
                    "weekday": 15
                },
                "100003652156255": {
                    "yesterDay": 0,
                    "today": 2,
                    "weekday": 2
                },
                "100015294181423": {
                    "yesterDay": 0,
                    "today": 1,
                    "weekday": 1
                },
                "100054008732793": {
                    "yesterDay": 0,
                    "today": 4,
                    "weekday": 4
                }
            }
        }
    },
    "4570299506320525": {
        "3": {
            "user": {
                "100016410273645": {
                    "yesterDay": 0,
                    "today": 8,
                    "weekday": 8
                },
                "100064800763592": {
                    "yesterDay": 0,
                    "today": 7,
                    "weekday": 7
                },
                "100000743566150": {
                    "yesterDay": 0,
                    "today": 143,
                    "weekday": 143
                },
                "100001937571084": {
                    "yesterDay": 0,
                    "today": 1,
                    "weekday": 1
                },
                "100029930640901": {
                    "yesterDay": 0,
                    "today": 10,
                    "weekday": 10
                },
                "100012186886753": {
                    "yesterDay": 0,
                    "today": 2,
                    "weekday": 2
                },
                "100075859435929": {
                    "yesterDay": 0,
                    "today": 68,
                    "weekday": 68
                },
                "100040453178791": {
                    "yesterDay": 0,
                    "today": 6,
                    "weekday": 6
                },
                "100036380644324": {
                    "yesterDay": 0,
                    "today": 6,
                    "weekday": 6
                },
                "100005461068232": {
                    "yesterDay": 0,
                    "today": 4,
                    "weekday": 4
                },
                "100029912828639": {
                    "yesterDay": 0,
                    "today": 4,
                    "weekday": 4
                },
                "61550066965719": {
                    "yesterDay": 0,
                    "today": 13,
                    "weekday": 13
                },
                "100021498130137": {
                    "yesterDay": 0,
                    "today": 28,
                    "weekday": 28
                },
                "100075583974102": {
                    "yesterDay": 0,
                    "today": 60,
                    "weekday": 60
                },
                "100074565147887": {
                    "yesterDay": 0,
                    "today": 8,
                    "weekday": 8
                },
                "100056778397149": {
                    "yesterDay": 0,
                    "today": 3,
                    "weekday": 3
                },
                "100076216004301": {
                    "yesterDay": 0,
                    "today": 7,
                    "weekday": 7
                },
                "100023718072216": {
                    "yesterDay": 0,
                    "today": 98,
                    "weekday": 98
                },
                "100093467545054": {
                    "yesterDay": 0,
                    "today": 2,
                    "weekday": 2
                },
                "100025118868425": {
                    "yesterDay": 0,
                    "today": 2,
                    "weekday": 2
                },
                "100029702202310": {
                    "yesterDay": 0,
                    "today": 3,
                    "weekday": 3
                }
            }
        }
    },
    "6971618709527074": {
        "3": {
            "user": {
                "100054028024921": {
                    "yesterDay": 0,
                    "today": 25,
                    "weekday": 25
                },
                "100029912828639": {
                    "yesterDay": 0,
                    "today": 2,
                    "weekday": 2
                },
                "100002877687561": {
                    "yesterDay": 0,
                    "today": 11,
                    "weekday": 11
                },
                "100029702202310": {
                    "yesterDay": 0,
                    "today": 12,
                    "weekday": 12
                }
            }
        }
    },
    "5367641353259544": {
        "3": {
            "user": {
                "100024129348679": {
                    "yesterDay": 0,
                    "today": 1,
                    "weekday": 1
                },
                "100074565147887": {
                    "yesterDay": 0,
                    "today": 5,
                    "weekday": 5
                },
                "100054008732793": {
                    "yesterDay": 0,
                    "today": 1,
                    "weekday": 1
                }
            }
        }
    },
    "8608540629216073": {
        "3": {
            "user": {
                "100082611443212": {
                    "yesterDay": 0,
                    "today": 1,
                    "weekday": 1
                }
            }
        }
    },
    "3434794819970635": {
        "3": {
            "user": {
                "100037928586412": {
                    "yesterDay": 0,
                    "today": 1,
                    "weekday": 1
                }
            }
        }
    },
    "6115730131881932": {
        "3": {
            "user": {
                "100041748081998": {
                    "yesterDay": 0,
                    "today": 6,
                    "weekday": 6
                },
                "100046468312955": {
                    "yesterDay": 0,
                    "today": 1,
                    "weekday": 1
                }
            }
        }
    },
    "6722538357854405": {
        "3": {
            "user": {
                "100074852835818": {
                    "yesterDay": 0,
                    "today": 2,
                    "weekday": 2
                }
            }
        }
    }
}