[
  {
    "threadID": "7100264343335699",
    "data": [
      {
        "name": "John Kenan Solis",
        "id": "100073681312649",
        "exp": 0
      },
      {
        "name": "Dhiereb Decara",
        "id": "100034799631841",
        "exp": 0
      },
      {
        "name": "Wayne Kulangsamwamwa",
        "id": "100091932546884",
        "exp": 0
      },
      {
        "name": "Jovic Donesa",
        "id": "100034364831794",
        "exp": 0
      },
      {
        "name": "Marcos Fundal",
        "id": "100049881225341",
        "exp": 111
      },
      {
        "name": "John Adrian Dela Cruz",
        "id": "100055163590817",
        "exp": 1
      },
      {
        "name": "Josh Casey Villareal",
        "id": "100002144469569",
        "exp": 0
      },
      {
        "name": "Aries Averia",
        "id": "100010545336755",
        "exp": 0
      },
      {
        "name": "Jeff Jayron",
        "id": "100015294181423",
        "exp": 307
      },
      {
        "name": "Venancio Bactasolo Paniza",
        "id": "100054823364116",
        "exp": 0
      },
      {
        "name": "Dominic Ray Arroyo",
        "id": "100007989511322",
        "exp": 0
      },
      {
        "name": "Renz Jhon Ramos",
        "id": "100075196307188",
        "exp": 16
      },
      {
        "name": "Vhan Arceta",
        "id": "100014124814918",
        "exp": 0
      },
      {
        "name": "Jovic Donesa Jr.",
        "id": "100034408001301",
        "exp": 20
      },
      {
        "name": "Angel Joy Salcepuedes",
        "id": "100017129162081",
        "exp": 49
      },
      {
        "name": "Zen Xronier",
        "id": "100056562410783",
        "exp": 4
      },
      {
        "name": "Aries Grey",
        "id": "100082277850952",
        "exp": 43
      },
      {
        "name": "Macoy Fundal",
        "id": "100074504682501",
        "exp": 0
      },
      {
        "name": "John Christopher Cordero",
        "id": "100035893818541",
        "exp": 21
      },
      {
        "name": "Shanrey James Aspera Sembrano",
        "id": "100030972233212",
        "exp": 74
      },
      {
        "name": "Shunny Bot",
        "id": "61553967626253",
        "exp": 7
      },
      {
        "name": "John Kirksten B. Alaña",
        "id": "100087385099665",
        "exp": 278
      },
      {
        "name": "Russel Dump",
        "id": "61553110876666",
        "exp": 0
      },
      {
        "name": "Jcm Lapascua",
        "id": "100025399432778",
        "exp": 118
      },
      {
        "name": "Keir Sumayo",
        "id": "100032366962915",
        "exp": 131
      },
      {
        "id": "100093579322636",
        "exp": 0
      }
    ]
  },
  {
    "threadID": "6920513444723476",
    "data": [
      {
        "id": "100074565147887",
        "exp": 58
      }
    ]
  },
  {
    "threadID": "4227246903952368",
    "data": [
      {
        "id": "100048232568177",
        "exp": 81
      },
      {
        "id": "100003823459312",
        "exp": 124
      },
      {
        "id": "100003652156255",
        "exp": 7
      },
      {
        "id": "100015294181423",
        "exp": 70
      },
      {
        "id": "100093467545054",
        "exp": 51
      },
      {
        "id": "100054008732793",
        "exp": 54
      },
      {
        "id": "100084938452661",
        "exp": 19
      },
      {
        "id": "100087880353046",
        "exp": 1
      },
      {
        "id": "100033837346928",
        "exp": 5
      },
      {
        "id": "100049302468789",
        "exp": 0
      },
      {
        "id": "100004140671532",
        "exp": 2
      }
    ]
  },
  {
    "threadID": "7298120023592654",
    "data": [
      {
        "id": "100074565147887",
        "exp": 81
      },
      {
        "id": "100016410273645",
        "exp": 40
      },
      {
        "id": "100093467545054",
        "exp": 9
      },
      {
        "id": "100049254880121",
        "exp": 13
      },
      {
        "id": "100019591931894",
        "exp": 3
      },
      {
        "id": "100000743566150",
        "exp": 56
      },
      {
        "id": "100002126181686",
        "exp": 39
      },
      {
        "id": "100040453178791",
        "exp": 2
      },
      {
        "id": "100094234075205",
        "exp": 0
      },
      {
        "id": "100007936156720",
        "exp": 7
      },
      {
        "id": "100009801137512",
        "exp": 0
      },
      {
        "id": "100064701756155",
        "exp": 1
      },
      {
        "id": "100077437345044",
        "exp": 3
      },
      {
        "id": "61553967626253",
        "exp": 2
      },
      {
        "id": "100071469092329",
        "exp": 2
      },
      {
        "id": "100052189953719",
        "exp": 1
      }
    ]
  },
  {
    "threadID": "4570299506320525",
    "data": [
      {
        "id": "61550066965719",
        "exp": 15
      },
      {
        "id": "100000743566150",
        "exp": 296
      },
      {
        "id": "100075583974102",
        "exp": 133
      },
      {
        "id": "100002029656505",
        "exp": 15
      },
      {
        "id": "100001937571084",
        "exp": 62
      },
      {
        "id": "100021498130137",
        "exp": 119
      },
      {
        "id": "100074565147887",
        "exp": 68
      },
      {
        "id": "100029702202310",
        "exp": 21
      },
      {
        "id": "100012186886753",
        "exp": 21
      },
      {
        "id": "100005461068232",
        "exp": 13
      },
      {
        "id": "100052471367271",
        "exp": 20
      },
      {
        "id": "100052765122856",
        "exp": 0
      },
      {
        "id": "100027633932055",
        "exp": 0
      },
      {
        "id": "61553444728657",
        "exp": 0
      },
      {
        "id": "100029930640901",
        "exp": 37
      },
      {
        "id": "100051520129988",
        "exp": 10
      },
      {
        "id": "100003263202744",
        "exp": 2
      },
      {
        "id": "100064800763592",
        "exp": 23
      },
      {
        "id": "100075859435929",
        "exp": 75
      },
      {
        "id": "61553967626253",
        "exp": 11
      },
      {
        "id": "100086428594532",
        "exp": 1
      },
      {
        "id": "100040453178791",
        "exp": 13
      },
      {
        "id": "100023718072216",
        "exp": 102
      },
      {
        "id": "100050732584959",
        "exp": 0
      },
      {
        "id": "100064718236565",
        "exp": 2
      },
      {
        "id": "100040874183161",
        "exp": 5
      },
      {
        "id": "100085119383882",
        "exp": 0
      },
      {
        "id": "100039900353424",
        "exp": 1
      },
      {
        "id": "100064701756155",
        "exp": 3
      },
      {
        "id": "100056778397149",
        "exp": 8
      },
      {
        "id": "100047750320353",
        "exp": 3
      },
      {
        "id": "100047750320353",
        "exp": 0
      },
      {
        "id": "100016410273645",
        "exp": 19
      },
      {
        "id": "100036380644324",
        "exp": 5
      },
      {
        "id": "100029912828639",
        "exp": 3
      },
      {
        "id": "100076216004301",
        "exp": 6
      },
      {
        "id": "100093467545054",
        "exp": 1
      },
      {
        "id": "100025118868425",
        "exp": 1
      }
    ]
  },
  {
    "threadID": "6722538357854405",
    "data": [
      {
        "id": "100074852835818",
        "exp": 17
      },
      {
        "id": "100055336670087",
        "exp": 8
      },
      {
        "id": "100007994380047",
        "exp": 10
      },
      {
        "id": "100084334676528",
        "exp": 7
      },
      {
        "id": "100054859880529",
        "exp": 1
      }
    ]
  },
  {
    "threadID": "8608540629216073",
    "data": [
      {
        "id": "100061836055412",
        "exp": 5
      },
      {
        "id": "100074565147887",
        "exp": 5
      },
      {
        "id": "100053939143106",
        "exp": 10
      },
      {
        "id": "61553967626253",
        "exp": 0
      },
      {
        "id": "100082611443212",
        "exp": 0
      }
    ]
  },
  {
    "threadID": "6971618709527074",
    "data": [
      {
        "id": "100029702202310",
        "exp": 86
      },
      {
        "id": "100054028024921",
        "exp": 160
      },
      {
        "id": "100002877687561",
        "exp": 157
      },
      {
        "id": "100089885381218",
        "exp": 19
      },
      {
        "id": "100029912828639",
        "exp": 18
      }
    ]
  },
  {
    "threadID": "5367641353259544",
    "data": [
      {
        "id": "100049302468789",
        "exp": 5
      },
      {
        "id": "100003652156255",
        "exp": 6
      },
      {
        "id": "100024129348679",
        "exp": 2
      },
      {
        "id": "100074565147887",
        "exp": 4
      },
      {
        "id": "100054008732793",
        "exp": 0
      }
    ]
  },
  {
    "threadID": "4541381165892413",
    "data": [
      {
        "id": "100074565147887",
        "exp": 8
      },
      {
        "id": "100011233188337",
        "exp": 15
      }
    ]
  },
  {
    "threadID": "6716453225101665",
    "data": [
      {
        "id": "100044944402231",
        "exp": 4
      },
      {
        "id": "100095084832340",
        "exp": 18
      },
      {
        "id": "100039485145123",
        "exp": 30
      },
      {
        "id": "100034408001301",
        "exp": 1
      }
    ]
  },
  {
    "threadID": "3434794819970635",
    "data": [
      {
        "id": "100069432632931",
        "exp": 1
      },
      {
        "id": "100037928586412",
        "exp": 0
      }
    ]
  },
  {
    "threadID": "4676673882387429",
    "data": [
      {
        "id": "100056827421963",
        "exp": 1
      },
      {
        "id": "100040492790247",
        "exp": 0
      }
    ]
  },
  {
    "threadID": "1540038079446636",
    "data": [
      {
        "id": "100074565147887",
        "exp": 2
      },
      {
        "id": "100071469092329",
        "exp": 13
      },
      {
        "id": "61550104943203",
        "exp": 7
      },
      {
        "id": "100000743566150",
        "exp": 17
      },
      {
        "id": "100049254880121",
        "exp": 13
      },
      {
        "id": "100016410273645",
        "exp": 0
      },
      {
        "id": "100054934115336",
        "exp": 0
      },
      {
        "id": "100077437345044",
        "exp": 2
      },
      {
        "id": "100093467545054",
        "exp": 4
      },
      {
        "id": "100085047191430",
        "exp": 0
      },
      {
        "id": "100070919115819",
        "exp": 5
      },
      {
        "id": "100051327004177",
        "exp": 0
      },
      {
        "id": "100025079836303",
        "exp": 0
      }
    ]
  },
  {
    "threadID": "5276675612349215",
    "data": [
      {
        "id": "100074565147887",
        "exp": 1
      },
      {
        "id": "100009030675553",
        "exp": 0
      }
    ]
  },
  {
    "threadID": "5276675612349215",
    "data": []
  },
  {
    "threadID": "6115730131881932",
    "data": [
      {
        "id": "100041748081998",
        "exp": 4
      },
      {
        "id": "100046468312955",
        "exp": 0
      }
    ]
  }
]